epoch,train_loss,val_loss
1,0.003449,0.003134
2,0.003049,0.003163
3,0.002951,0.003218
4,0.002869,0.003029
5,0.002809,0.003203
6,0.002760,0.003199
7,0.002718,0.003020
8,0.002682,0.002953
9,0.002637,0.002892
10,0.002591,0.002751
11,0.002540,0.002760
12,0.002472,0.002513
13,0.002373,0.002287
14,0.002116,0.001940
15,0.001974,0.002004
16,0.001923,0.001985
17,0.001883,0.001882
18,0.001857,0.001925
19,0.001838,0.001818
20,0.001822,0.001921
